{"stats":{"minecraft:dropped":{"minecraft:cobblestone":1,"minecraft:wooden_axe":2,"minecraft:white_stained_glass":1,"minecraft:sticky_piston":4,"minecraft:smooth_quartz":2,"minecraft:chest":1},"minecraft:custom":{"minecraft:jump":23,"minecraft:open_chest":4,"minecraft:time_since_rest":13863,"minecraft:leave_game":1,"minecraft:crouch_one_cm":10,"minecraft:play_one_minute":13863,"minecraft:sprint_one_cm":5383,"minecraft:time_since_death":13863,"minecraft:walk_one_cm":9977,"minecraft:sneak_time":245,"minecraft:drop":11,"minecraft:fly_one_cm":70768},"minecraft:picked_up":{"minecraft:sticky_piston":4},"minecraft:used":{"minecraft:white_stained_glass":65,"minecraft:chest":1,"minecraft:cobblestone":21,"minecraft:smooth_quartz":239}},"DataVersion":2230}